_id	company_link	company_name	link	name	salary_currency	salary_max	salary_min	site
604e85e93eeab1c46b7ec4db	https://hh.ru/employer/2068941	Cindicator	https://hh.ru/vacancy/43005025?query=python	Quantitative developer (HFT developer)	руб.	400000	null	https://hh.ru
604e85e93eeab1c46b7ec4dd	https://hh.ru/employer/2587283	ZAVOD Games	https://hh.ru/vacancy/42301915?query=python	DevOps Engineer	руб.	250000	170000	https://hh.ru
604e85e93eeab1c46b7ec4df	https://hh.ru/employer/2824279	Hoodies	https://hh.ru/vacancy/41649102?query=python	Senior Backend-разработчик (Python)	руб.	320000	200000	https://hh.ru
604e85e93eeab1c46b7ec4e1	https://hh.ru/employer/4181561	Digital Hub	https://hh.ru/vacancy/42855358?query=python	Python разработчик	null	null	null	https://hh.ru
604e85e93eeab1c46b7ec4e3	https://hh.ru/employer/5032843	Филиал компании Лист Ренталс Лимитед	https://hh.ru/vacancy/42766512?query=python	Python разработчик	USD	4000	1500	https://hh.ru
604e85e93eeab1c46b7ec4e5	https://hh.ru/employer/705624	IVIDEON	https://hh.ru/vacancy/43002250?query=python	Python-разработчик	руб.	230000	170000	https://hh.ru
604e85e93eeab1c46b7ec4e7	https://hh.ru/employer/4596113	ООО Фабрика Решений	https://hh.ru/vacancy/39736489?query=python	Python-разработчик (Django, DRF)	null	null	null	https://hh.ru
604e85e93eeab1c46b7ec4e9	https://hh.ru/employer/4558995	Wunder Fund	https://hh.ru/vacancy/42783010?query=python	Python / C++ разработчик	руб.	200000	150000	https://hh.ru
604e85e93eeab1c46b7ec4eb	https://hh.ru/employer/1908336	ООО Parascript	https://hh.ru/vacancy/42251823?query=python	Программист-математик/Алгоритмист (США)	USD	7000	null	https://hh.ru
604e85e93eeab1c46b7ec4ed	https://hh.ru/employer/1579449	idaproject	https://hh.ru/vacancy/42799332?query=python	Python/Django разработчик	null	null	null	https://hh.ru
604e85e93eeab1c46b7ec4ef	https://hh.ruhttps://feedback.hh.ru/article/details/id/5951	Разработчик решений по обработке данных	https://hh.ru/vacancy/43004074?query=python	Аналитик данных со знанием Python	руб.	150000	100000	https://hh.ru
604e85e93eeab1c46b7ec4f1	https://hh.ru/employer/4948337	ООО Артистраж	https://hh.ru/vacancy/42844642?query=python	Программист Python	null	null	null	https://hh.ru
604e85e93eeab1c46b7ec4f3	https://hh.ru/employer/4377593	GRAFFIT	https://hh.ru/vacancy/42564873?query=python	Разработчик Python	null	null	null	https://hh.ru
604e85e93eeab1c46b7ec4f5	https://hh.ru/employer/4558995	Wunder Fund	https://hh.ru/vacancy/42932744?query=python	Quantitative researcher	руб.	null	350000	https://hh.ru
604e85e93eeab1c46b7ec4f7	https://hh.ru/employer/1980636	ООО Дип Системс	https://hh.ru/vacancy/42813933?query=python	Data Scientist (компьютерное зрение)	null	null	null	https://hh.ru
604e85e93eeab1c46b7ec4f9	https://hh.ru/employer/3754394	Университет искусственного интеллекта	https://hh.ru/vacancy/42844788?query=python	Python разработчик	null	null	null	https://hh.ru
604e85e93eeab1c46b7ec4fb	https://hh.ru/employer/4215818	ООО Мирамедикс	https://hh.ru/vacancy/42588879?query=python	Backend-разработчик Python	руб.	230000	170000	https://hh.ru
604e85e93eeab1c46b7ec4fd	https://hh.ru/employer/3337220	ООО Декаст Инжиниринг	https://hh.ru/vacancy/42555938?query=python	Python Backend разработчик	руб.	250000	150000	https://hh.ru
604e85e93eeab1c46b7ec4ff	https://hh.ru/employer/1758157	ООО Айти-Солюшнс	https://hh.ru/vacancy/41469811?query=python	Data Engineer	руб.	null	250000	https://hh.ru
604e85e93eeab1c46b7ec501	https://hh.ru/employer/1514066	ООО Диджитал Пайн	https://hh.ru/vacancy/42822407?query=python	Middle разработчик Python / Django (удалённо)	null	null	null	https://hh.ru
604e85e93eeab1c46b7ec503	https://hh.ru/employer/5175750	ООО Далитикс	https://hh.ru/vacancy/42814545?query=python	Аналитик / Data Analyst (Product Analyst)	руб.	null	100000	https://hh.ru
604e85e93eeab1c46b7ec505	https://hh.ru/employer/4514966	ООО Доверенная среда	https://hh.ru/vacancy/41784502?query=python	Разработчик Python	руб.	null	180000	https://hh.ru
604e85e93eeab1c46b7ec507	https://hh.ru/employer/4023886	ViCue Soft	https://hh.ru/vacancy/42674523?query=python	Python QA Engineer Intern	null	null	null	https://hh.ru
604e85e93eeab1c46b7ec509	https://hh.ru/employer/5229104	ООО Диджитал Линк	https://hh.ru/vacancy/42802585?query=python	Бекенд Python-разработчик (Django)	null	null	null	https://hh.ru
604e85e93eeab1c46b7ec50b	https://hh.ru/employer/58031	ООО ФК ПУЛЬС	https://hh.ru/vacancy/42226188?query=python	Программист Python	руб.	180000	140000	https://hh.ru
604e85e93eeab1c46b7ec50d	https://hh.ru/employer/1248425	Russian Quantum Center	https://hh.ru/vacancy/42602096?query=python	Python-разработчик (Senior)	руб.	250000	150000	https://hh.ru
604e85e93eeab1c46b7ec50f	https://hh.ru/employer/1395186	АО НПО АНГСТРЕМ	https://hh.ru/vacancy/42419682?query=python	Разработчик Python (middle Python developer)	руб.	150000	120000	https://hh.ru
604e85e93eeab1c46b7ec511	https://hh.ru/employer/899854	NetworkOptix	https://hh.ru/vacancy/30005963?query=python	Python developer	USD	null	4000	https://hh.ru
604e85e93eeab1c46b7ec513	https://hh.ru/employer/2009224	Insilico Medicine	https://hh.ru/vacancy/42706234?query=python	Back-end разработчик Python	руб.	190000	160000	https://hh.ru
604e85e93eeab1c46b7ec515	https://hh.ru/employer/1085810	ООО Знаменка Капитал	https://hh.ru/vacancy/39912622?query=python	Data Scientist / Quantitative Researcher	руб.	null	250000	https://hh.ru
604e85e93eeab1c46b7ec517	https://hh.ru/employer/2464195	ООО БОЛЬШАЯ ТРОЙКА	https://hh.ru/vacancy/42598849?query=python	Backend python/Django разработчик	руб.	200000	120000	https://hh.ru
604e85e93eeab1c46b7ec519	https://hh.ru/employer/5269376	Кан Александр Сергеевич	https://hh.ru/vacancy/42965532?query=python	Python Backend Developer	null	null	null	https://hh.ru
604e85e93eeab1c46b7ec51b	https://hh.ru/employer/3730831	Dostavista Global	https://hh.ru/vacancy/42326397?query=python	Data Engineer	руб.	null	230000	https://hh.ru
604e85e93eeab1c46b7ec51d	https://hh.ru/employer/1320896	РусПерсонал	https://hh.ru/vacancy/43012773?query=python	Team Lead (Python, Django)	руб.	350000	250000	https://hh.ru
604e85e93eeab1c46b7ec51f	https://hh.ru/employer/3094338	Институт прикладных экономических исследований РАНХиГС при Президенте Российской Федерации	https://hh.ru/vacancy/42209146?query=python	Младший компьютерный лингвист (Python)	руб.	null	120000	https://hh.ru
604e85e93eeab1c46b7ec521	https://hh.ru/employer/983624	ООО ИнфоТех	https://hh.ru/vacancy/42411532?query=python	Программист Python/JavaScript секретарь	null	null	null	https://hh.ru
604e85e93eeab1c46b7ec523	https://hh.ru/employer/5250947	Мойте сами	https://hh.ru/vacancy/43014438?query=python	Программист-разработчик Python	null	null	null	https://hh.ru
604e85e93eeab1c46b7ec525	https://hh.ru/employer/3995072	HASH CIB	https://hh.ru/vacancy/42886507?query=python	Junior Data Analyst	null	null	null	https://hh.ru
604e85e93eeab1c46b7ec527	https://hh.ru/employer/4925233	ООО РНД поинт	https://hh.ru/vacancy/42676588?query=python	Python Программист разработчик	null	null	null	https://hh.ru
604e85e93eeab1c46b7ec529	https://hh.ru/employer/66121	ВАВТ МИНЭКОНОМРАЗВИТИЯ РОССИИ	https://hh.ru/vacancy/41095804?query=python	Python разработчик	руб.	160000	100000	https://hh.ru
604e85e93eeab1c46b7ec52b	https://hh.ru/employer/1440683	Rutube	https://hh.ru/vacancy/41263186?query=python	Senior Python developer	руб.	null	200000	https://hh.ru
604e85e93eeab1c46b7ec52d	https://hh.ru/employer/3094338	Институт прикладных экономических исследований РАНХиГС при Президенте Российской Федерации	https://hh.ru/vacancy/40551245?query=python	Разработчик (Python)	руб.	160000	100000	https://hh.ru
604e85e93eeab1c46b7ec52f	https://hh.ru/employer/166140	COMPAREX	https://hh.ru/vacancy/42713907?query=python	Data Scientist	руб.	250000	150000	https://hh.ru
604e85e93eeab1c46b7ec531	https://hh.ru/employer/215019	Адалиск	https://hh.ru/vacancy/42202946?query=python	Ведущий специалист по Machine learning	руб.	null	250000	https://hh.ru
604e85e93eeab1c46b7ec533	https://hh.ru/employer/2622824	Prisma Labs, inc.	https://hh.ru/vacancy/42432726?query=python	Data Engineer (Python)	null	null	null	https://hh.ru
604e85e93eeab1c46b7ec535	https://hh.ru/employer/1278562	Level.Travel	https://hh.ru/vacancy/42926388?query=python	Data Engineer	руб.	180000	null	https://hh.ru
604e85e93eeab1c46b7ec537	https://hh.ru/employer/4596113	ООО Фабрика Решений	https://hh.ru/vacancy/40840868?query=python	Teamlead Backend (Python)	руб.	300000	120000	https://hh.ru
604e85e93eeab1c46b7ec539	https://hh.ru/employer/146328	ООО Максконсалт	https://hh.ru/vacancy/42683816?query=python	Data Scientist	руб.	250000	180000	https://hh.ru
604e85e93eeab1c46b7ec53b	https://hh.ru/employer/2968394	ООО Джуси Лабс	https://hh.ru/vacancy/42482294?query=python	Data Science Specialist	null	null	null	https://hh.ru
604e85e93eeab1c46b7ec53d	https://hh.ru/employer/136929	ivi	https://hh.ru/vacancy/42277259?query=python	Python-разработчик	руб.	200000	160000	https://hh.ru
604e85e93eeab1c46b7ec53f	https://hh.ru/employer/215019	Адалиск	https://hh.ru/vacancy/42421827?query=python	Разработчик (С++, Python)	руб.	null	150000	https://hh.ru
604e85e93eeab1c46b7ec541	https://hh.ru/employer/4773904	Datacrafts	https://hh.ru/vacancy/42879573?query=python	Python/Scrapy разработчик	руб.	null	200000	https://hh.ru
604e85e93eeab1c46b7ec543	https://hh.ru/employer/4111056	Gradient	https://hh.ru/vacancy/42544459?query=python	Middle/Senior ML Engineer	руб.	null	250000	https://hh.ru
604e85e93eeab1c46b7ec545	https://hh.ru/employer/1738507	Soshace	https://hh.ru/vacancy/42831306?query=python	Full-Stack (React.js + Node.js/Python) Developer to the UAE	null	null	null	https://hh.ru
604e85e93eeab1c46b7ec547	https://hh.ru/employer/1579449	idaproject	https://hh.ru/vacancy/42842536?query=python	Python разработчик	null	null	null	https://hh.ru
604e85e93eeab1c46b7ec549	https://hh.ru/employer/4588063	СИЛА В МЫСЛИ	https://hh.ru/vacancy/42783307?query=python	Аналитик Data Science / Аналитик данных	null	null	null	https://hh.ru
604e85e93eeab1c46b7ec54b	https://hh.ru/employer/4116383	UAB Softeka	https://hh.ru/vacancy/42633232?query=python	Python backend разработчик	руб.	160000	140000	https://hh.ru
604e85e93eeab1c46b7ec54d	https://hh.ru/employer/638950	ООО Ресурс Групп	https://hh.ru/vacancy/43015639?query=python	Аналитик данных / Data Engineer	null	null	null	https://hh.ru
604e85e93eeab1c46b7ec54f	https://hh.ru/employer/5018260	Gravitum	https://hh.ru/vacancy/42770299?query=python	Backend Python Developer (USD Salary, Remote)	руб.	null	250000	https://hh.ru
604e85e93eeab1c46b7ec551	https://hh.ru/employer/1212374	FunCorp	https://hh.ru/vacancy/39388485?query=python	Senior Python Backend Developer (Machine Learning)	руб.	null	250000	https://hh.ru
604e85ea3eeab1c46b7ec553	https://hh.ru/employer/3297595	Prequel	https://hh.ru/vacancy/42453126?query=python	Data Engineer	руб.	null	200000	https://hh.ru
604e85ea3eeab1c46b7ec555	https://hh.ru/employer/3564390	ООО PROGNET	https://hh.ru/vacancy/42620710?query=python	Ведущий Python разработчик (Senior/Middle+ Developer)	руб.	null	200000	https://hh.ru
604e85ea3eeab1c46b7ec557	https://hh.ru/employer/4422327	Quiet Media	https://hh.ru/vacancy/42808923?query=python	Python/Go разработчик	руб.	null	140000	https://hh.ru
604e85ea3eeab1c46b7ec559	https://hh.ru/employer/2557004	ООО GetBlogger	https://hh.ru/vacancy/42715899?query=python	Аналитик данных / Data analyst	null	null	null	https://hh.ru
604e85ea3eeab1c46b7ec55b	https://hh.ru/employer/4948337	ООО Артистраж	https://hh.ru/vacancy/42844649?query=python	Data Scientist	null	null	null	https://hh.ru
604e85ea3eeab1c46b7ec55d	https://hh.ru/employer/5201871	Климов Станислав Игоревич	https://hh.ru/vacancy/42398844?query=python	Middle/senior Python Developer	руб.	200000	120000	https://hh.ru
604e85ea3eeab1c46b7ec55f	https://hh.ru/employer/5200795	ООО Высшая Школа Образования	https://hh.ru/vacancy/42620422?query=python	Аналитик-исследователь	руб.	150000	null	https://hh.ru
604e85ea3eeab1c46b7ec561	https://hh.ru/employer/3508081	Российская академия народного хозяйства и государственной службы при Президенте Российской Федерации	https://hh.ru/vacancy/42957933?query=python	Ведущий аналитик данных/Data Analyst	руб.	220000	180000	https://hh.ru
604e85ea3eeab1c46b7ec563	https://hh.ru/employer/5129570	Supernice	https://hh.ru/vacancy/42959540?query=python	FullStack Developer (Python Django, React)	руб.	null	270000	https://hh.ru
604e85ea3eeab1c46b7ec565	https://hh.ru/employer/3094338	Институт прикладных экономических исследований РАНХиГС при Президенте Российской Федерации	https://hh.ru/vacancy/42547797?query=python	Старший разработчик (Python)	руб.	190000	160000	https://hh.ru
604e85ea3eeab1c46b7ec567	https://hh.ru/employer/130174	Runexis	https://hh.ru/vacancy/42924262?query=python	Программист Python / Team Lead	руб.	200000	null	https://hh.ru
604e85ea3eeab1c46b7ec569	https://hh.ru/employer/2776323	Skanestas Investments Limited	https://hh.ru/vacancy/42588736?query=python	Senior Data Scientist /Quantitative Analyst (Кипр)	EUR	4000	3500	https://hh.ru
604e85ea3eeab1c46b7ec56b	https://hh.ru/employer/2136954	ДомКлик	https://hh.ru/vacancy/40835889?query=python	Разработчик Python	null	null	null	https://hh.ru
604e85ea3eeab1c46b7ec56d	https://hh.ru/employer/2746?dpt=2746-2746-office	ДИКСИ. Офис	https://hh.ru/vacancy/41883876?query=python	Разработчик по оптимизации бизнес-процессов (Python)	null	null	null	https://hh.ru
604e85ea3eeab1c46b7ec56f	https://hh.ru/employer/2845847	ООО Адаперио	https://hh.ru/vacancy/42617637?query=python	Senior/Middle ML Engineer (Data Scientist)	руб.	null	200000	https://hh.ru
604e85ea3eeab1c46b7ec571	https://hh.ru/employer/37471	ООО Основа Лаб	https://hh.ru/vacancy/42254250?query=python	Инженер по автоматизации тестирования / Python разработчик	null	null	null	https://hh.ru
604e85ea3eeab1c46b7ec573	https://hh.ru/employer/58031	ООО ФК ПУЛЬС	https://hh.ru/vacancy/36618179?query=python	Ведущий программист Python	руб.	220000	160000	https://hh.ru
604e85ea3eeab1c46b7ec575	https://hh.ru/employer/3497676	ООО Лендсбэй	https://hh.ru/vacancy/42951641?query=python	Python разработчик (middle) (backend)	null	null	null	https://hh.ru
604e85ea3eeab1c46b7ec577	https://hh.ru/employer/581294	Мегаплан	https://hh.ru/vacancy/42445569?query=python	Продуктовый аналитик (Data Analyst)	руб.	130000	null	https://hh.ru
604e85ea3eeab1c46b7ec579	https://hh.ru/employer/3508081	Российская академия народного хозяйства и государственной службы при Президенте Российской Федерации	https://hh.ru/vacancy/42974100?query=python	Аналитик данных (data scientist)	руб.	120000	null	https://hh.ru
604e85ea3eeab1c46b7ec57b	https://hh.ru/employer/4382297	ООО МАГ Девелопмент	https://hh.ru/vacancy/42832748?query=python	Data Scientist	руб.	180000	120000	https://hh.ru
604e85ea3eeab1c46b7ec57d	https://hh.ru/employer/2070865	ООО Пилот Диалог	https://hh.ru/vacancy/39126632?query=python	Программист Python	руб.	null	160000	https://hh.ru
604e85ea3eeab1c46b7ec57f	https://hh.ru/employer/15478	Mail.ru Group	https://hh.ru/vacancy/40318319?query=python	Data Scientist в myTracker	null	null	null	https://hh.ru
604e85ea3eeab1c46b7ec581	https://hh.ru/employer/19989	ЕВРАЗ	https://hh.ru/vacancy/41794422?query=python	Python Developer	null	null	null	https://hh.ru
604e85ea3eeab1c46b7ec583	https://hh.ru/employer/5078562	Scalable Solutions	https://hh.ru/vacancy/42397159?query=python	Middle/Senior C++ Developer	руб.	null	250000	https://hh.ru
604e85ea3eeab1c46b7ec585	https://hh.ru/employer/2029737	HuskyJam	https://hh.ru/vacancy/42419632?query=python	Python разработчик (FastAPI)	null	null	null	https://hh.ru
604e85ea3eeab1c46b7ec587	https://hh.ru/employer/1527698	OpenWeather	https://hh.ru/vacancy/42843371?query=python	Python Developer	EUR	null	2000	https://hh.ru
604e85ea3eeab1c46b7ec589	https://hh.ru/employer/4657998	Foxcom SIA	https://hh.ru/vacancy/42676277?query=python	Fullstack разработчик (Python, PHP, JS)	EUR	3500	2200	https://hh.ru
604e85ea3eeab1c46b7ec58b	https://hh.ru/employer/3497676	ООО Лендсбэй	https://hh.ru/vacancy/42882919?query=python	Аналитик данных / Data scientist	null	null	null	https://hh.ru
604e85ea3eeab1c46b7ec58d	https://hh.ru/employer/1057	Лаборатория Касперского	https://hh.ru/vacancy/42990764?query=python	Разработчик Python	null	null	null	https://hh.ru
604e85ea3eeab1c46b7ec58f	https://hh.ru/employer/928274	А+С Транспроект	https://hh.ru/vacancy/42768842?query=python	Backend-разработчик (Python, Ruby)	null	null	null	https://hh.ru
604e85ea3eeab1c46b7ec591	https://hh.ru/employer/2643808	ООО «Баланс-Платформа»	https://hh.ru/vacancy/40097763?query=python	Разработчик Python (+ Удаленная работа)	null	null	null	https://hh.ru
604e85ea3eeab1c46b7ec593	https://hh.ru/employer/3388?dpt=3388-3388-gazprom	Газпромбанк	https://hh.ru/vacancy/39775853?query=python	Data scientst (модели машинного обучения)	null	null	null	https://hh.ru
604e85ea3eeab1c46b7ec595	https://hh.ru/employer/1057	Лаборатория Касперского	https://hh.ru/vacancy/42399463?query=python	Back-end Developer(C++ и Python).	null	null	null	https://hh.ru
604e85ea3eeab1c46b7ec597	https://hh.ru/employer/4721066	Фрифлекс	https://hh.ru/vacancy/42780421?query=python	Computer Vision Engineer	руб.	180000	110000	https://hh.ru
604e85ea3eeab1c46b7ec599	https://hh.ru/employer/3388	Газпромбанк	https://hh.ru/vacancy/39444384?query=python	Data Scientist	null	null	null	https://hh.ru
604e85ea3eeab1c46b7ec59b	https://hh.ru/employer/5246115	epoch8.co	https://hh.ru/vacancy/42705847?query=python	Python Developer	null	null	null	https://hh.ru
604e85ea3eeab1c46b7ec59d	https://hh.ru/employer/3087089	ООО Анлимитед Продакшен	https://hh.ru/vacancy/42970947?query=python	Разработчик Python	null	null	null	https://hh.ru
604e85ea3eeab1c46b7ec59f	https://hh.ru/employer/2223982	ООО РАБЛЗ	https://hh.ru/vacancy/42956307?query=python	Data Scientist (middle or senior)	руб.	500000	null	https://hh.ru
604e85ea3eeab1c46b7ec5a1	https://hh.ru/employer/860724	Группа КБ-12	https://hh.ru/vacancy/42990902?query=python	Python Developer / Data Scientist	null	null	null	https://hh.ru
604e85ea3eeab1c46b7ec5a3	https://www.superjob.ru/clients/alfaritm-4006623.html	Альфаритм	https://www.superjob.ru/vakansii/programmist-razrabotchik-python-36103703.html	Программист-разработчик Python	null	null	null	https://www.superjob.ru
604e85ea3eeab1c46b7ec5a5	https://www.superjob.ru/clients/tehnopark-skolkovo-3749932.html	Технопарк «Сколково»	https://www.superjob.ru/vakansii/inzhener-programmist-python-36156813.html	Инженер-программист Python (data science)	null	null	null	https://www.superjob.ru
604e85ea3eeab1c46b7ec5a7	https://www.superjob.ru/clients/grandstaff-2765830.html	Грандстафф	https://www.superjob.ru/vakansii/automation-qa-engineer-36332816.html	Automation QA Engineer / Тестировщик (Python)	руб.	200000	160000	https://www.superjob.ru
604e85ea3eeab1c46b7ec5a9	https://www.superjob.ru/clients/biglion-619002.html	Biglion	https://www.superjob.ru/vakansii/analitik-bazy-dannyh-36302264.html	Аналитик базы данных / Разработчик Python	null	null	null	https://www.superjob.ru
604e85ea3eeab1c46b7ec5ab	https://www.superjob.ru/clients/av-soft-3883806.html	АВ Софт	https://www.superjob.ru/vakansii/programmist-python-36270453.html	Программист Python	null	null	null	https://www.superjob.ru
604e85ea3eeab1c46b7ec5ad	https://www.superjob.ru/clients/tinkoff-160502.html	Тинькофф Банк	https://www.superjob.ru/vakansii/mladshij-analitik-processov-verifikacii-36173911.html	Младший аналитик процессов верификации	null	null	null	https://www.superjob.ru
604e85ea3eeab1c46b7ec5af	https://www.superjob.ru/clients/superjob-14449.html	SuperJob	https://www.superjob.ru/vakansii/rukovoditel-bekend-razrabotki-35568681.html	Руководитель бэкенд-разработки (php)	null	null	null	https://www.superjob.ru
604e85ea3eeab1c46b7ec5b1	https://www.superjob.ru/clients/mts-81084.html	МТС	https://www.superjob.ru/vakansii/produktovyj-analitik-35765100.html	Продуктовый аналитик (Команда цифровых продуктов и сервисов)	null	null	null	https://www.superjob.ru
604e85ea3eeab1c46b7ec5b3	https://www.superjob.ru/clients/kg-profimen-236675.html	КГ ПрофиМэн	https://www.superjob.ru/vakansii/sistemnyj-administrator-windows-linux-36031287.html	Системный администратор Windows Linux	null	null	null	https://www.superjob.ru
604e85ea3eeab1c46b7ec5b5	https://www.superjob.ru/clients/vidau-sistems-3907011.html	Видау Системс	https://www.superjob.ru/vakansii/inzhener-proektirovschik-it-i-slabotochnyh-setej-36072193.html	Инженер-проектировщик ИТ и слаботочных сетей (ЛВС, СКС)	null	null	null	https://www.superjob.ru
604e85ea3eeab1c46b7ec5b7	https://www.superjob.ru/clients/pravitelstvo-moskvy-3138475.html	Правительство Москвы	https://www.superjob.ru/vakansii/analitik-36156846.html	Аналитик	null	null	null	https://www.superjob.ru
604e85ea3eeab1c46b7ec5b9	https://www.superjob.ru/clients/detskij-hospis-dom-s-mayakom-2664388.html	Детский хоспис "Дом с маяком"	https://www.superjob.ru/vakansii/programmist-pyrus-35374424.html	Программист pyrus	null	null	null	https://www.superjob.ru
604e85ea3eeab1c46b7ec5bb	https://www.superjob.ru/clients/coleman-services-45008.html	Coleman Services	https://www.superjob.ru/vakansii/analitik-v-otdel-planirovaniya-postavok-36106863.html	Аналитик в отдел планирования поставок	руб.	140000	null	https://www.superjob.ru
604e85ea3eeab1c46b7ec5bd	https://www.superjob.ru/clients/gbuz-gkb-15-imeni-o-m-filatova-889213.html	ГБУЗ ГКБ №15 имени О. М. Филатова	https://www.superjob.ru/vakansii/specialist-po-ekspertnoj-statisticheskoj-obrabotke-biomedicinskih-dannyh-36106080.html	Специалист по экспертной статистической обработке биомедицинских данных	null	null	null	https://www.superjob.ru
604e85ea3eeab1c46b7ec5bf	https://www.superjob.ru/clients/prime-partner-3720622.html	Prime Partner	https://www.superjob.ru/vakansii/frontend-razrabotchik-36104066.html	Frontend-разработчик	null	null	null	https://www.superjob.ru
604e85ea3eeab1c46b7ec5c1	https://www.superjob.ru/clients/kompaniya-best-personal-136963.html	«Компания «Бэст-Персонал»	https://www.superjob.ru/vakansii/biznes-analitik-36255781.html	Бизнес-аналитик (удаленно)	руб.	null	110000	https://www.superjob.ru
604e85ea3eeab1c46b7ec5c3	https://www.superjob.ru/clients/brunel-4029068.html	Brunel	https://www.superjob.ru/vakansii/devops-engineer-36253465.html	DevOps Engineer	null	null	null	https://www.superjob.ru
604e85ea3eeab1c46b7ec5c5	https://www.superjob.ru/clients/welbex-3728563.html	Welbex	https://www.superjob.ru/vakansii/web-programmist-33921626.html	Web-программист, Web-разработчик (удалённо)	null	null	null	https://www.superjob.ru
604e85ea3eeab1c46b7ec5c7	https://www.superjob.ru/clients/mpo-elektromontazh-3917482.html	МПО Электромонтаж	https://www.superjob.ru/vakansii/web-razrabotchik-35121873.html	Web-разработчик	руб.	null	130000	https://www.superjob.ru
604e85ea3eeab1c46b7ec5c9	https://www.superjob.ru/clients/alternativa-inzhiniringovoe-agentstvo-1017142.html	Альтернатива. Инжиниринговое агентство	https://www.superjob.ru/vakansii/devops-inzhener-36096637.html	DevOps инженер (США, удалённо)	руб.	null	210000	https://www.superjob.ru
604e85ea3eeab1c46b7ec5cb	https://www.superjob.ru/clients/superjob-14449.html	SuperJob	https://www.superjob.ru/vakansii/devops-engineer-34424249.html	DevOps Engineer	null	null	null	https://www.superjob.ru
604e85ea3eeab1c46b7ec5cd	https://www.superjob.ru/clients/alternativa-inzhiniringovoe-agentstvo-1017142.html	Альтернатива. Инжиниринговое агентство	https://www.superjob.ru/vakansii/data-scientist-36096459.html	Data Scientist (США, удалённо)	руб.	null	210000	https://www.superjob.ru
604e85ea3eeab1c46b7ec5cf	https://www.superjob.ru/clients/gbpou-tehnologicheskij-kolledzh-21-4008003.html	ГБПОУ Технологический колледж №21	https://www.superjob.ru/vakansii/prepodavatel-it-tehnologij-36151560.html	Преподаватель ИТ-технологий	null	null	null	https://www.superjob.ru
604e85ea3eeab1c46b7ec5d1	https://www.superjob.ru/clients/strojservis-65412.html	СтройСервис	https://www.superjob.ru/vakansii/testirovschik-po-36093227.html	Тестировщик ПО, администратор Win/Linux	руб.	120000	null	https://www.superjob.ru
604e85ea3eeab1c46b7ec5d3	https://www.superjob.ru/clients/fedpej-4023746.html	ФедПэй	https://www.superjob.ru/vakansii/senior-php-developer-36135973.html	Senior PHP Developer (Back-End)	null	null	null	https://www.superjob.ru
604e85ea3eeab1c46b7ec5d5	https://www.superjob.ru/clients/geo-tehno-sot-4030833.html	Гео Техно Сот	https://www.superjob.ru/vakansii/sql-developer-36328443.html	SQL Developer	null	null	null	https://www.superjob.ru
604e85ea3eeab1c46b7ec5d7	https://www.superjob.ru/clients/tehnopark-skolkovo-3749932.html	Технопарк «Сколково»	https://www.superjob.ru/vakansii/cto-36219064.html	CTO / Team Lead	null	null	null	https://www.superjob.ru
604e85ea3eeab1c46b7ec5d9	https://www.superjob.ru/clients/mfti-2185844.html	МФТИ	https://www.superjob.ru/vakansii/razrabotchik-tehnicheskogo-zreniya-34233000.html	Разработчик технического зрения (Computer Vision / Image Processing)	null	null	null	https://www.superjob.ru
604e85ea3eeab1c46b7ec5db	https://www.superjob.ru/clients/gaugn-3037705.html	ГАУГН	https://www.superjob.ru/vakansii/inzhener-veb-servisov-35947514.html	Инженер веб-сервисов, системный администратор	руб.	0	60	https://www.superjob.ru
604e85ea3eeab1c46b7ec5dd	https://www.superjob.ru/clients/gbpou-dzm-medicinskij-kolledzh-6-3945579.html	ГБПОУ ДЗМ "Медицинский колледж № 6"	https://www.superjob.ru/vakansii/inzhener-programmist-34826753.html	Инженер-программист	null	null	null	https://www.superjob.ru
604e85ea3eeab1c46b7ec5df	https://www.superjob.ru/clients/filial-fku-nalog-servis-fns-rossii-po-cod-v-g-moskve-11714.html	Филиал ФКУ Налог-Сервис ФНС России по ЦОД в г.Москве	https://www.superjob.ru/vakansii/administrator-baz-dannyh-postgresql-36128342.html	Администратор баз данных PostgreSQL	null	null	null	https://www.superjob.ru
604e85ea3eeab1c46b7ec5e1	https://www.superjob.ru/clients/bell-integrator-200833.html	Bell Integrator	https://www.superjob.ru/vakansii/inzhener-po-nagruzochnomu-testirovaniyu-36083559.html	Инженер по нагрузочному тестированию / QA Load	null	null	null	https://www.superjob.ru
604e85ea3eeab1c46b7ec5e3	https://www.superjob.ru/clients/gbou-shkola-2086-740493.html	ГБОУ Школа №2086	https://www.superjob.ru/vakansii/uchitel-informatiki-34123084.html	Учитель информатики	null	null	null	https://www.superjob.ru
604e85ea3eeab1c46b7ec5e5	https://www.superjob.ru/clients/oniks-3391891.html	ООО "СОУЭ Тромбон"	https://www.superjob.ru/vakansii/programmist-qt-36068161.html	Программист Qt/С++	null	null	null	https://www.superjob.ru
604e85ea3eeab1c46b7ec5e7	https://www.superjob.ru/clients/rvi-group-4033179.html	RVi Group	https://www.superjob.ru/vakansii/razrabotchik-bekenda-36310274.html	Разработчик бекэнда	руб.	180000	150000	https://www.superjob.ru
604e85ea3eeab1c46b7ec5e9	https://www.superjob.ru/clients/konsaltingovaya-kompaniya-3826903.html	Консалтинговая компания	https://www.superjob.ru/vakansii/qa-engineer-36301141.html	QA-engineer, автоматизатор, тестировщик	руб.	160000	null	https://www.superjob.ru
604e85ea3eeab1c46b7ec5eb	https://www.superjob.ru/clients/megapolis-121161.html	Мегаполис	https://www.superjob.ru/vakansii/starshij-analitik-v-otdel-planirovaniya-35583105.html	Старший аналитик в отдел планирования	null	null	null	https://www.superjob.ru
604e85ea3eeab1c46b7ec5ed	https://www.superjob.ru/clients/ggdept-4026640.html	GGDept	https://www.superjob.ru/vakansii/backend-razrabotchik-36182807.html	Backend-разработчик (начинающий)	null	null	null	https://www.superjob.ru
604e85ea3eeab1c46b7ec5ef	https://www.superjob.ru/clients/gbuz-gkb-15-imeni-o-m-filatova-889213.html	ГБУЗ ГКБ №15 имени О. М. Филатова	https://www.superjob.ru/vakansii/vrach-statistik-36288689.html	Врач-статистик	null	null	null	https://www.superjob.ru
604e85ea3eeab1c46b7ec5f1	https://www.superjob.ru/clients/telenet-solyushn-4027881.html	Теленет Солюшн	https://www.superjob.ru/vakansii/veduschij-setevoj-inzhener-36181077.html	Ведущий сетевой инженер	null	null	null	https://www.superjob.ru
